L101;Laborgebäude, 1. Stock, Klassenraum
L102;Laborgebäude, 1. Stock, Klassenraum
LZ;Laborgebäude, 1. Stock, Lehrerzimmer
L104;Laborgebäude, 1. Stock, Klassenraum
L105;Laborgebäude, 1. Stock, Klassenraum
L106;Laborgebäude, 1. Stock, Klassenraum
LZ-EDV;Laborgebäude, 2. Stock, Lehrerzimmer
L202;Laborgebäude, 2. Stock, Serverraum
EDV1;Laborgebäude, 2. Stock, Computerraum
EDV2;Laborgebäude, 2. Stock, Computerraum
EDV3;Laborgebäude, 2. Stock, Computerraum
MZW2;Laborgebäude, 2. Stock, Computerraum
MZW1;Laborgebäude, 2. Stock, Computerraum
MOT;Laborgebäude, Untergeschoß, Motorprüfstand
MLAB;Laborgebäude, Untergeschoß, Lüftungslabor/Maschinenlabor
KLAB;Laborgebäude, Untergeschoß, Kältetechnik
ELAB;Laborgebäude, Untergeschoß, Elektro-Labor
WLAB;Laborgebäude, Untergeschoß, Werkstoffprüflabor
WLAB;Laborgebäude, Untergeschoß, Werkstoffprüf/Elektrolabor
BAU;Laborgebäude, Untergeschoß, Bautechnik
TL;Hauptgebäude, Erdgeschoss, Turnlehrerzimmer
R001;Theoriegebäude, Erdgeschoß, Klassenraum
R002;Theoriegebäude, Erdgeschoß, Klassenraum
R003;Theoriegebäude, Erdgeschoß, Klassenraum
R004;Theoriegebäude, Erdgeschoß, Klassenraum
R005;Theoriegebäude, Erdgeschoß, Schulbücher
R011;Theoriegebäude, Erdgeschoß, Klassenraum
BESPR1;Theoriegebäude, Erdgeschoß, Beschprechungsraum 1
ARZT;Theoriegebäude, Erdgeschoß, Schulärzting
SEKR;Theoriegebäude, Erdgeschoß, Sekretariat
SEKR;Theoriegebäude, Erdgeschoß, Sekretariat
DIR;Theoriegebäude, Erdgeschoß, Direktion
KONF;Theoriegebäude, Erdgeschoß, Konferenzzimmer
AV;Theoriegebäude, Erdgeschoß, Abteilungsvorstand
AV;Theoriegebäude, Erdgeschoß, Abteilungsvorstand
Schulwart;Theoriegebäude, Erdgeschoß, Haustechnik
Lager;Theoriegebäude, Erdgeschoß, Papierlager, Switch
R024;Theoriegebäude, Erdgeschoß, Kopierer
LZ-TS;Theoriegebäude, Turnsaaltrakt, Lehrerzimmer
LZ-TS;Theoriegebäude, Turnsaaltrakt, Lehrerzimmer
R038;Theoriegebäude, Erdgeschoß, Haushandwerker
CAD1;Theoriegebäude, 1. Stock, CAD-Saal 1
BCAD;Theoriegebäude, 1. Stock, Besprechungsraum (durch R105)
SERV;Theoriegebäude, 1. Stock, Serverraum (durch R105)
MOD;Theoriegebäude, 1. Stock, Modellkammer
CAD2;Theoriegebäude, 1. Stock, CAD-Saal 2
LZ;Theoriegebäude, 1. Stock, Lehrerzimmer
3D;Theoriegebäude, 1. Stock, 3D-Labor
R111;Theoriegebäude, 1. Stock, Klassenraum
R112;Theoriegebäude, 1. Stock, Klassenraum
R113;Theoriegebäude, 1. Stock, Klassenraum
R114;Theoriegebäude, 1. Stock, Klassenraum
LZ;Theoriegebäude, 1. Stock, Lehrerzimmer
LZ;Theoriegebäude, 1. Stock, Lehrerzimmer
R201;Theoriegebäude, 2. Stock, Klassenraum
R202;Theoriegebäude, 2. Stock, Klassenraum
R203;Theoriegebäude, 2. Stock, Klassenraum
R204;Theoriegebäude, 2. Stock, Klassenraum
4/5ABMB;Theoriegebäude, 2. Stock, Klassenraum
2/3ABMB;Theoriegebäude, 2. Stock, Klassenraum
2AVMB/1ABMB;Theoriegebäude, 2. Stock, Klassenraum
6/7ABMB;Theoriegebäude, 2. Stock, Klassenraum
LZ;Theoriegebäude, 2. Stock, Lehrerzimmer
BIBLIO;Theoriegebäude, 2. Stock, Bibliothek Verwaltung
LZ;Theoriegebäude, 2. Stock, Lehrerzimmer
LZ;Theoriegebäude, 2. Stock, Lehrerzimmer
R301;Theoriegebäude, 3. Stock, Klassenraum
R302;Theoriegebäude, 3. Stock, Klassenraum
R303;Theoriegebäude, 3. Stock, Klassenraum
R304;Theoriegebäude, 3. Stock, Klassenraum
R311;Theoriegebäude, 3. Stock, Klassenraum
R312;Theoriegebäude, 3. Stock, Klassenraum
R313;Theoriegebäude, 3. Stock, Klassenraum
R314;Theoriegebäude, 3. Stock, Klassenraum
LZ;Theoriegebäude, 3. Stock, Lehrerzimmer
LZ;Theoriegebäude, 3. Stock, Lehrerzimmer
LZ;Theoriegebäude, 3. Stock, Lehrerzimmer
LZ;Theoriegebäude, 3. Stock, Lehrerzimmer
RLAB;Theoriegebäude, 4. Stock, Rechenlabor
NW;Theoriegebäude, Untergeschoß, Netzwerk Labor
CW;Theoriegebäude, Untergeschoß, Computer Werkstatt
ROBO;Theoriegebäude, Untergeschoß, Robotiklabor
LZ-Chemie;Theoriegebäude, Untergeschoß, Chemielabor/Lehrerzimmer
Chemie;Theoriegebäude, Untergeschoß, Chemiesaal
LZ-Physik;Theoriegebäude, Untergeschoß, Lehrerzimmer
Physik;Theoriegebäude, Untergeschoß, Physiksaal
RU54;Theoriegebäude, Untergeschoß, Klassenraum
tbd;Noch nicht festgelegt (to be determined)
WL;Werkstättengebäude, Erdgeschoß, Werkstättenleitung
WL;Werkstättengebäude, Erdgeschoß, Werkstättenleitung
KONW;Werkstättengebäude, Erdgeschoß, Konferenzzimmer
W-LZ;Werkstättengebäude, Erdgeschoß, Lehrerzimmer
W-LZ;Werkstättengebäude, Erdgeschoß, Lehrerzimmer
W-LZ;Werkstättengebäude, Erdgeschoß, Lehrerzimmer
AV 1;Werkstättengebäude, Erdgeschoß, Arbeitsvorbereitung
AV 2;Werkstättengebäude, Erdgeschoß, AV & Messlabor
Serv/Kop;Werkstättengebäude, Erdgeschoß,Server/Kopierer
MAGAZIN;Werkstättengebäude, Erdgeschoß, Materialverwaltung
STB;Werkstättengebäude, Erdgeschoß, Stahlbau
GLBL;Werkstättengebäude, Erdgeschoß, Grundlehrgang Blech
GLDR, GLB;Werkstättengebäude, Erdgeschoß, Grundlehrgang Drehen
LACK;Werkstättengebäude, Erdgeschoß, Lackiererei
W019;Werkstättengebäude, Erdgeschoß,Lackiererei
GIES;Werkstättengebäude, Erdgeschoß, Gießerei
HÄRT;Werkstättengebäude, Erdgeschoß, Härterei
WZB;Werkstättengebäude, Erdgeschoß, Werkzeugbau
DRE2;Werkstättengebäude, Erdgeschoß, Dreherei 2
DRE1;Werkstättengebäude, Erdgeschoß, Dreherei 1
CAM;Werkstättengebäude, Erdgeschoß, CAD-CAM Labor
CAM;Werkstättengebäude, Erdgeschoß, CAD-CAM Labor
GARD-K;Werkstättengebäude, Erdgeschoß,Garderobe
PUTZ;Werkstättengebäude, Erdgeschoß, Putzmaterial
WASCH;Werkstättengebäude, Erdgeschoß, Waschraum
W033;Werkstättengebäude, Erdgeschoß,Elektroverteiler
HEIZ;Werkstättengebäude, Erdgeschoß,Heizungstechnik
SMI;Werkstättengebäude, Erdgeschoß, Schmiede
UNT;Werkstättengebäude, Erdgeschoß, Unterweisung
SCHLEIF;Werkstättengebäude, Erdgeschoß, Schleifraum
SCHW;Werkstättengebäude, Erdgeschoß, Schweiß- & Schneidekompetenzzentrum
LAGER;Werkstättengebäude, Erdgeschoß,Lager
LAGER;Werkstättengebäude, Erdgeschoß,Lager
CNC 2;Werkstättengebäude, Erdgeschoß, CNC Programmieren
MEW1;Werkstättengebäude, Erdgeschoß, mechanische Werkstätte 1
MEW2;Werkstättengebäude, Erdgeschoß, mechanische Werkstätte 2
HLAB;Werkstättengebäude, Erdgeschoß, Heizungstechnik Labor
GWHI;Werkstättengebäude, Erdgeschoß, Gas-Wasser-Heizung-Installation
KST1;Werkstättengebäude, Erdgeschoß, Kunststoffverarbeitung 1
KST2;Werkstättengebäude, Erdgeschoß, Kunststoffverarbeitung 2
MODT;Werkstättengebäude, Erdgeschoß, Modelltischlerei
MODT;Werkstättengebäude, Erdgeschoß, Modelltischlerei
GLFR;Werkstättengebäude, Erdgeschoß, Grundlehrgang Fräsen
ALAB;Werkstättengebäude, 1. Stock, Automatisierungslabor
ALAB;Werkstättengebäude, 1. Stock, Automatisierungslabor
W-LZ;Werkstättengebäude, 1. Stock, Lehrerzimmer
W-LZ;Werkstättengebäude, 1. Stock, Lehrerzimmer
EL-GLG;Werkstättengebäude, 1. Stock, Elektrotechnik Grundlagen
GARD-M;Werkstättengebäude, 1. Stock, Garderobe
ETW;Werkstättengebäude, 2. Stock, Elektrotechnik
Server;Werkstättengebäude, 2. Stock, Server
MECHA;Werkstättengebäude, 2. Stock, Mechatronik
SLAB;Werkstättengebäude, 2. Stock, Steuerungslabor
