﻿ABLD;David;Ablinger;Ing.;-
AITD;Dominik;Aitzetmueller;Ing.;-
BACK;Karin;Bachstaedter;Ing.;-
BAUE;Hermann;Bauernfeind;Ing.;-
BAYM;Marlene;Bayer;Ing.;-
BRAK;Katharina;Brandmayr;Ing.;-
BRUA;Andreas;Brunner;Ing.;-
BURD;David;Burgstaller;Ing.;-
BURR;Roland;Burrer;Ing.;-
DLAS;Stephan;Dlapka;Ing.;-
ECKF;Felix;Eckl;Ing.;-
EGGD;Daniel;Egger;Ing.;-
EGGJ;Johannes;Egger;Ing.;-
EGGR;Robert;Egger;Ing.;-
EXEJ;Josua;Exenberger;Ing.;-
FRAJ;Julian;Frauscher;Ing.;-
GLUM;Martina;Glueck;Ing.;-
GRAS;Sabine;Grasberger;Ing.;-
GRUG;Gerald;Gruber;Ing.;-
HAAJ;Jana Lea;Haas;Ing.;-
HAEW;Walter;Hauuselhofer;Ing.;-
HAIM;Martin;Haider;Ing.;-
HASM;Markus;Haslinger;Ing.;-
HOCT;Thomas;Hochleitner;Ing.;-
HOCW;Wilhelm;Hochmair;Ing.;-
HOED;Doris;Hoetzinger;Ing.;-
HOFJ;Josef;Hofstaetter;Ing.;-
HOFP;Peter;Hofstadler;Ing.;-
HUEM;Daniel;Huemer;Ing.;-
HUET;Wolfgang;Huetter;Ing.;-
HUMA;Angela;Hummer;Ing.;-
HUMK;Karl;Humer;Ing.;-
KAIM;Manfred;Kaissl;Ing.;-
KAST;Hans-Peter;Kastinger;Ing.;-
KESM;Muharrem;Keskin;Ing.;-
KLEG;Gerald;Klein;Ing.;-
KROJ;Johannes;Kronberger;Ing.;-
KRYJ;Joachim;Krysl;Ing.;-
LANG;Markus;Lang;Ing.;-
LANS;Stephan;Langer;Ing.;-
LECR;Richard;Lechner;Ing.;-
LEHE;Evelyn;Lehner;Ing.;-
LEIM;Markus;Leibner;Ing.;-
LUGF;Friedrich;Lugmayr;Ing.;-
MALE;Elisabeth;Malzner;Ing.;-
MARM;Matija;Marjanovic;Ing.;-
MATT;Hans-Joerg;Mattes;Ing.;-
MESE;Eva-Maria;Messer;Ing.;-
MOLJ;Johannes;Molnar;Ing.;-
MUEM;Michael;Mueller;Ing.;-
MUHS;Simon;Muhr;Ing.;-
NEUB;Brigitte;Neu;Ing.;-
NEUM;Manuel;Neuhuber;Ing.;-
NIKR;Robert;Nikles;Ing.;-
PACE;Erwin;Pachinger;Ing.;-
PACR;Roland;Pachinger;Ing.;-
PILK;Karin;Pillichshammer;Ing.;-
POIJ;Julia;Poiss;Ing.;-
PRAI;Ingrid;Praher;Ing.;-
PRER;Richard;Preletzer;Ing.;-
PRIF;Felix;Prillinger;Ing.;-
PRIL;Alois;Prillinger;Ing.;-
RAIJ;Joachim;Raiger;Ing.;-
REIE;Ehrenfried;Reichberger;Ing.;-
REIP;Philipp;Reifenauer;Ing.;-
REIR;Rudolf;Reisz;Ing.;-
SACU;Ulrike;Schacherleitner;Ing.;-
SILM;Michaela;Siller;Ing.;-
SIMW;Walter;Simunek;Ing.;-
SMIH;Heinz;Schmid;Ing.;-
SNOA;Andrea;Schnoetzinger;Ing.;-
SOBA;Andreas;Schobesberger;Ing.;-
SOBP;Peter;Schobesberger;Ing.;-
SOEK;Klaus;Schoenhuber;Ing.;-
SOEM;Martin;Schoenleitner;Ing.;-
SPAA;Alfred;Spalt;Ing.;-
SPIE;Erwin;Spindler;Ing.;-
SROV;Victoria;Schroetter;Ing.;-
STAC;Christina;Staudinger;Ing.;-
STAL;Leopold;Stammler;Ing.;-
STAS;Silvia;Angerer;Ing.;-
STET;Thomas;Stehrer;Ing.;-
STRG;Gerhard;Stricker;Ing.;-
SWAE;Elisabeth;Schwarz;Ing.;-
TRAM;Markus;Traweger;Ing.;-
TREJ;Johann;Treml;Ing.;-
TUMM;Matthias;Tumfart;Ing.;-
ULBH;Helena;Ulbrich;Ing.;-
WAGA;Andreas;Wagner;Ing.;-
WEIG;Gernot;Weissensteiner;Ing.;-
WIEF;Fritz;Wiesner;Ing.;-
WIEN;Nina;Wiederkehr;Ing.;-
WIMA;Alexandra;Wimmer;Ing.;-
WINM;Markus;Winkler;Ing.;-
WLO;Oliver;Walenta;Ing.;-
AITD;Dominik;Aitzetmueller;Ing.;-
BAUE;David;Ablinger;Ing.;-
BAUE;Hermann;Bauernfeind;Ing.;-
BAYM;Marlene;Bayer;Ing.;-
BRAK;Katharina;Brandmayr;Ing.;-
BRUA;Andreas;Brunner;Ing.;-
BURD;David;Burgstaller;Ing.;-
BURR;Roland;Burrer;Ing.;-
DLAS;Stephan;Dlapka;Ing.;-
ECKF;Felix;Eckl;Ing.;-
EGGD;Daniel;Egger;Ing.;-
EGGJ;Johannes;Egger;Ing.;-
EGGR;Robert;Egger;Ing.;-
EXEJ;Josua;Exenberger;Ing.;-
FRAJ;Julian;Frauscher;Ing.;-
GLUM;Martina;Glueck;Ing.;-
GRAS;Sabine;Grasberger;Ing.;-
GRUG;Gerald;Gruber;Ing.;-
HAAJ;Jana Lea;Haas;Ing.;-
HAEW;Walter;Hauuselhofer;Ing.;-
HAIM;Martin;Haider;Ing.;-
HASM;Markus;Haslinger;Ing.;-
HOCT;Thomas;Hochleitner;Ing.;-
HOCW;Wilhelm;Hochmair;Ing.;-
HOED;Doris;Hoetzinger;Ing.;-
HOFJ;Josef;Hofstaetter;Ing.;-
HOFP;Peter;Hofstadler;Ing.;-
HUEM;Daniel;Huemer;Ing.;-
HUET;Wolfgang;Huetter;Ing.;-
HUMA;Angela;Hummer;Ing.;-
HUMK;Karl;Humer;Ing.;-
KAIM;Manfred;Kaissl;Ing.;-
KAST;Hans-Peter;Kastinger;Ing.;-
KESM;Muharrem;Keskin;Ing.;-
KLEG;Gerald;Klein;Ing.;-
KROJ;Johannes;Kronberger;Ing.;-
KRYJ;Joachim;Krysl;Ing.;-
LANG;Markus;Lang;Ing.;-
LANS;Stephan;Langer;Ing.;-
LECR;Richard;Lechner;Ing.;-
LEHE;Evelyn;Lehner;Ing.;-
LEIM;Markus;Leibner;Ing.;-
LUGF;Friedrich;Lugmayr;Ing.;-
MALE;Elisabeth;Malzner;Ing.;-
MARM;Matija;Marjanovic;Ing.;-
MATT;Hans-Joerg;Mattes;Ing.;-
MESE;Eva-Maria;Messer;Ing.;-
MOLJ;Johannes;Molnar;Ing.;-
MUEM;Michael;Mueller;Ing.;-
MUHS;Simon;Muhr;Ing.;-
NEUB;Brigitte;Neu;Ing.;-
NEUM;Manuel;Neuhuber;Ing.;-
NIKR;Robert;Nikles;Ing.;-
PACE;Erwin;Pachinger;Ing.;-
PACR;Roland;Pachinger;Ing.;-
PILK;Karin;Pillichshammer;Ing.;-
POIJ;Julia;Poiss;Ing.;-
PRAI;Ingrid;Praher;Ing.;-
PRER;Richard;Preletzer;Ing.;-
PRIF;Felix;Prillinger;Ing.;-
PRIL;Alois;Prillinger;Ing.;-
RAIJ;Joachim;Raiger;Ing.;-
REIE;Ehrenfried;Reichberger;Ing.;-
REIP;Philipp;Reifenauer;Ing.;-
REIR;Rudolf;Reisz;Ing.;-
SACU;Ulrike;Schacherleitner;Ing.;-
SILM;Michaela;Siller;Ing.;-
SIMW;Walter;Simunek;Ing.;-
SMIH;Heinz;Schmid;Ing.;-
SNOA;Andrea;Schnoetzinger;Ing.;-
SOBA;Andreas;Schobesberger;Ing.;-
SOBP;Peter;Schobesberger;Ing.;-
SOEK;Klaus;Schoenhuber;Ing.;-
SOEM;Martin;Schoenleitner;Ing.;-
SPAA;Alfred;Spalt;Ing.;-
SPIE;Erwin;Spindler;Ing.;-
SROV;Victoria;Schroetter;Ing.;-
STAC;Christina;Staudinger;Ing.;-
STAL;Leopold;Stammler;Ing.;-
STAS;Silvia;Angerer;Ing.;-
STET;Thomas;Stehrer;Ing.;-
STRG;Gerhard;Stricker;Ing.;-
SWAE;Elisabeth;Schwarz;Ing.;-
TRAM;Markus;Traweger;Ing.;-
TREJ;Johann;Treml;Ing.;-
TUMM;Matthias;Tumfart;Ing.;-
ULBH;Helena;Ulbrich;Ing.;-
WAGA;Andreas;Wagner;Ing.;-
WEIG;Gernot;Weissensteiner;Ing.;-
WIEF;Fritz;Wiesner;Ing.;-
WIEN;Nina;Wiederkehr;Ing.;-
WIMA;Alexandra;Wimmer;Ing.;-
WINM;Markus;Winkler;Ing.;-
WLO;Oliver;Walenta;Ing.;-
